0,1.3237,1.3236,1.3236,1.3236,1.3235,1.3237,1.3235,1.3234,1.3234,1.3235,1.3236,1.3237,1.3235,1.3235,1.3237,1.3236,
1,1.3236,1.3236,1.3236,1.3235,1.3237,1.3235,1.3234,1.3234,1.3235,1.3236,1.3237,1.3235,1.3235,1.3237,1.3236,1.3236,
2,1.3236,1.3236,1.3235,1.3237,1.3235,1.3234,1.3234,1.3235,1.3236,1.3237,1.3235,1.3235,1.3237,1.3236,1.3236,1.3234,
3,1.3236,1.3235,1.3237,1.3235,1.3234,1.3234,1.3235,1.3236,1.3237,1.3235,1.3235,1.3237,1.3236,1.3236,1.3234,1.3232,
4,1.3235,1.3237,1.3235,1.3234,1.3234,1.3235,1.3236,1.3237,1.3235,1.3235,1.3237,1.3236,1.3236,1.3234,1.3232,1.3232,
5,1.3237,1.3235,1.3234,1.3234,1.3235,1.3236,1.3237,1.3235,1.3235,1.3237,1.3236,1.3236,1.3234,1.3232,1.3232,1.3232,
6,1.3235,1.3234,1.3234,1.3235,1.3236,1.3237,1.3235,1.3235,1.3237,1.3236,1.3236,1.3234,1.3232,1.3232,1.3232,1.3233,
7,1.3234,1.3234,1.3235,1.3236,1.3237,1.3235,1.3235,1.3237,1.3236,1.3236,1.3234,1.3232,1.3232,1.3232,1.3233,1.3234,
8,1.3234,1.3235,1.3236,1.3237,1.3235,1.3235,1.3237,1.3236,1.3236,1.3234,1.3232,1.3232,1.3232,1.3233,1.3234,1.3234,
9,1.3235,1.3236,1.3237,1.3235,1.3235,1.3237,1.3236,1.3236,1.3234,1.3232,1.3232,1.3232,1.3233,1.3234,1.3234,1.3235,
10,1.3236,1.3237,1.3235,1.3235,1.3237,1.3236,1.3236,1.3234,1.3232,1.3232,1.3232,1.3233,1.3234,1.3234,1.3235,1.3233,
11,1.3237,1.3235,1.3235,1.3237,1.3236,1.3236,1.3234,1.3232,1.3232,1.3232,1.3233,1.3234,1.3234,1.3235,1.3233,1.3232,
12,1.3235,1.3235,1.3237,1.3236,1.3236,1.3234,1.3232,1.3232,1.3232,1.3233,1.3234,1.3234,1.3235,1.3233,1.3232,1.3234,
13,1.3235,1.3237,1.3236,1.3236,1.3234,1.3232,1.3232,1.3232,1.3233,1.3234,1.3234,1.3235,1.3233,1.3232,1.3234,1.3233,
14,1.3237,1.3236,1.3236,1.3234,1.3232,1.3232,1.3232,1.3233,1.3234,1.3234,1.3235,1.3233,1.3232,1.3234,1.3233,1.3232,
15,1.3236,1.3236,1.3234,1.3232,1.3232,1.3232,1.3233,1.3234,1.3234,1.3235,1.3233,1.3232,1.3234,1.3233,1.3232,1.3233,
16,1.3236,1.3234,1.3232,1.3232,1.3232,1.3233,1.3234,1.3234,1.3235,1.3233,1.3232,1.3234,1.3233,1.3232,1.3233,1.3232,
17,1.3234,1.3232,1.3232,1.3232,1.3233,1.3234,1.3234,1.3235,1.3233,1.3232,1.3234,1.3233,1.3232,1.3233,1.3232,1.3232,
18,1.3232,1.3232,1.3232,1.3233,1.3234,1.3234,1.3235,1.3233,1.3232,1.3234,1.3233,1.3232,1.3233,1.3232,1.3232,1.323,
19,1.3232,1.3232,1.3233,1.3234,1.3234,1.3235,1.3233,1.3232,1.3234,1.3233,1.3232,1.3233,1.3232,1.3232,1.323,1.323,
20,1.3232,1.3233,1.3234,1.3234,1.3235,1.3233,1.3232,1.3234,1.3233,1.3232,1.3233,1.3232,1.3232,1.323,1.323,1.323,
21,1.3233,1.3234,1.3234,1.3235,1.3233,1.3232,1.3234,1.3233,1.3232,1.3233,1.3232,1.3232,1.323,1.323,1.323,1.3229,
22,1.3234,1.3234,1.3235,1.3233,1.3232,1.3234,1.3233,1.3232,1.3233,1.3232,1.3232,1.323,1.323,1.323,1.3229,1.3229,
23,1.3234,1.3235,1.3233,1.3232,1.3234,1.3233,1.3232,1.3233,1.3232,1.3232,1.323,1.323,1.323,1.3229,1.3229,1.3231,
24,1.3235,1.3233,1.3232,1.3234,1.3233,1.3232,1.3233,1.3232,1.3232,1.323,1.323,1.323,1.3229,1.3229,1.3231,1.323,
25,1.3233,1.3232,1.3234,1.3233,1.3232,1.3233,1.3232,1.3232,1.323,1.323,1.323,1.3229,1.3229,1.3231,1.323,1.3231,
26,1.3232,1.3234,1.3233,1.3232,1.3233,1.3232,1.3232,1.323,1.323,1.323,1.3229,1.3229,1.3231,1.323,1.3231,1.3231,
27,1.3234,1.3233,1.3232,1.3233,1.3232,1.3232,1.323,1.323,1.323,1.3229,1.3229,1.3231,1.323,1.3231,1.3231,1.3233,
28,1.3233,1.3232,1.3233,1.3232,1.3232,1.323,1.323,1.323,1.3229,1.3229,1.3231,1.323,1.3231,1.3231,1.3233,1.3233,
29,1.3232,1.3233,1.3232,1.3232,1.323,1.323,1.323,1.3229,1.3229,1.3231,1.323,1.3231,1.3231,1.3233,1.3233,1.3232,
30,1.3233,1.3232,1.3232,1.323,1.323,1.323,1.3229,1.3229,1.3231,1.323,1.3231,1.3231,1.3233,1.3233,1.3232,1.3233,
31,1.3232,1.3232,1.323,1.323,1.323,1.3229,1.3229,1.3231,1.323,1.3231,1.3231,1.3233,1.3233,1.3232,1.3233,1.3234,
32,1.3232,1.323,1.323,1.323,1.3229,1.3229,1.3231,1.323,1.3231,1.3231,1.3233,1.3233,1.3232,1.3233,1.3234,1.3234,
33,1.323,1.323,1.323,1.3229,1.3229,1.3231,1.323,1.3231,1.3231,1.3233,1.3233,1.3232,1.3233,1.3234,1.3234,1.3232,
34,1.323,1.323,1.3229,1.3229,1.3231,1.323,1.3231,1.3231,1.3233,1.3233,1.3232,1.3233,1.3234,1.3234,1.3232,1.3231,
35,1.323,1.3229,1.3229,1.3231,1.323,1.3231,1.3231,1.3233,1.3233,1.3232,1.3233,1.3234,1.3234,1.3232,1.3231,1.3233,
36,1.3229,1.3229,1.3231,1.323,1.3231,1.3231,1.3233,1.3233,1.3232,1.3233,1.3234,1.3234,1.3232,1.3231,1.3233,1.3232,
37,1.3229,1.3231,1.323,1.3231,1.3231,1.3233,1.3233,1.3232,1.3233,1.3234,1.3234,1.3232,1.3231,1.3233,1.3232,1.3231,
38,1.3231,1.323,1.3231,1.3231,1.3233,1.3233,1.3232,1.3233,1.3234,1.3234,1.3232,1.3231,1.3233,1.3232,1.3231,1.3231,
39,1.323,1.3231,1.3231,1.3233,1.3233,1.3232,1.3233,1.3234,1.3234,1.3232,1.3231,1.3233,1.3232,1.3231,1.3231,1.323,
40,1.3231,1.3231,1.3233,1.3233,1.3232,1.3233,1.3234,1.3234,1.3232,1.3231,1.3233,1.3232,1.3231,1.3231,1.323,1.323,
41,1.3231,1.3233,1.3233,1.3232,1.3233,1.3234,1.3234,1.3232,1.3231,1.3233,1.3232,1.3231,1.3231,1.323,1.323,1.3232,
42,1.3233,1.3233,1.3232,1.3233,1.3234,1.3234,1.3232,1.3231,1.3233,1.3232,1.3231,1.3231,1.323,1.323,1.3232,1.3233,
43,1.3233,1.3232,1.3233,1.3234,1.3234,1.3232,1.3231,1.3233,1.3232,1.3231,1.3231,1.323,1.323,1.3232,1.3233,1.3233,
44,1.3232,1.3233,1.3234,1.3234,1.3232,1.3231,1.3233,1.3232,1.3231,1.3231,1.323,1.323,1.3232,1.3233,1.3233,1.3236,
45,1.3233,1.3234,1.3234,1.3232,1.3231,1.3233,1.3232,1.3231,1.3231,1.323,1.323,1.3232,1.3233,1.3233,1.3236,1.3236,
46,1.3234,1.3234,1.3232,1.3231,1.3233,1.3232,1.3231,1.3231,1.323,1.323,1.3232,1.3233,1.3233,1.3236,1.3236,1.3237,
47,1.3234,1.3232,1.3231,1.3233,1.3232,1.3231,1.3231,1.323,1.323,1.3232,1.3233,1.3233,1.3236,1.3236,1.3237,1.3236,
48,1.3232,1.3231,1.3233,1.3232,1.3231,1.3231,1.323,1.323,1.3232,1.3233,1.3233,1.3236,1.3236,1.3237,1.3236,1.3237,
49,1.3231,1.3233,1.3232,1.3231,1.3231,1.323,1.323,1.3232,1.3233,1.3233,1.3236,1.3236,1.3237,1.3236,1.3237,1.3237,
50,1.3233,1.3232,1.3231,1.3231,1.323,1.323,1.3232,1.3233,1.3233,1.3236,1.3236,1.3237,1.3236,1.3237,1.3237,1.3236,
51,1.3232,1.3231,1.3231,1.323,1.323,1.3232,1.3233,1.3233,1.3236,1.3236,1.3237,1.3236,1.3237,1.3237,1.3236,1.3237,
52,1.3231,1.3231,1.323,1.323,1.3232,1.3233,1.3233,1.3236,1.3236,1.3237,1.3236,1.3237,1.3237,1.3236,1.3237,1.3237,
53,1.3231,1.323,1.323,1.3232,1.3233,1.3233,1.3236,1.3236,1.3237,1.3236,1.3237,1.3237,1.3236,1.3237,1.3237,1.3237,
54,1.323,1.323,1.3232,1.3233,1.3233,1.3236,1.3236,1.3237,1.3236,1.3237,1.3237,1.3236,1.3237,1.3237,1.3237,1.3238,
55,1.323,1.3232,1.3233,1.3233,1.3236,1.3236,1.3237,1.3236,1.3237,1.3237,1.3236,1.3237,1.3237,1.3237,1.3238,1.3239,
56,1.3232,1.3233,1.3233,1.3236,1.3236,1.3237,1.3236,1.3237,1.3237,1.3236,1.3237,1.3237,1.3237,1.3238,1.3239,1.324,
57,1.3233,1.3233,1.3236,1.3236,1.3237,1.3236,1.3237,1.3237,1.3236,1.3237,1.3237,1.3237,1.3238,1.3239,1.324,1.324,
58,1.3233,1.3236,1.3236,1.3237,1.3236,1.3237,1.3237,1.3236,1.3237,1.3237,1.3237,1.3238,1.3239,1.324,1.324,1.3239,
59,1.3236,1.3236,1.3237,1.3236,1.3237,1.3237,1.3236,1.3237,1.3237,1.3237,1.3238,1.3239,1.324,1.324,1.3239,1.3239,
60,1.3236,1.3237,1.3236,1.3237,1.3237,1.3236,1.3237,1.3237,1.3237,1.3238,1.3239,1.324,1.324,1.3239,1.3239,1.324,
61,1.3237,1.3236,1.3237,1.3237,1.3236,1.3237,1.3237,1.3237,1.3238,1.3239,1.324,1.324,1.3239,1.3239,1.324,1.3239,
62,1.3236,1.3237,1.3237,1.3236,1.3237,1.3237,1.3237,1.3238,1.3239,1.324,1.324,1.3239,1.3239,1.324,1.3239,1.324,
63,1.3237,1.3237,1.3236,1.3237,1.3237,1.3237,1.3238,1.3239,1.324,1.324,1.3239,1.3239,1.324,1.3239,1.324,1.324,
64,1.3237,1.3236,1.3237,1.3237,1.3237,1.3238,1.3239,1.324,1.324,1.3239,1.3239,1.324,1.3239,1.324,1.324,1.3239,
65,1.3236,1.3237,1.3237,1.3237,1.3238,1.3239,1.324,1.324,1.3239,1.3239,1.324,1.3239,1.324,1.324,1.3239,1.3239,
66,1.3237,1.3237,1.3237,1.3238,1.3239,1.324,1.324,1.3239,1.3239,1.324,1.3239,1.324,1.324,1.3239,1.3239,1.3239,
67,1.3237,1.3237,1.3238,1.3239,1.324,1.324,1.3239,1.3239,1.324,1.3239,1.324,1.324,1.3239,1.3239,1.3239,1.3239,
68,1.3237,1.3238,1.3239,1.324,1.324,1.3239,1.3239,1.324,1.3239,1.324,1.324,1.3239,1.3239,1.3239,1.3239,1.3239,
69,1.3238,1.3239,1.324,1.324,1.3239,1.3239,1.324,1.3239,1.324,1.324,1.3239,1.3239,1.3239,1.3239,1.3239,1.324,
70,1.3239,1.324,1.324,1.3239,1.3239,1.324,1.3239,1.324,1.324,1.3239,1.3239,1.3239,1.3239,1.3239,1.324,1.324,
71,1.324,1.324,1.3239,1.3239,1.324,1.3239,1.324,1.324,1.3239,1.3239,1.3239,1.3239,1.3239,1.324,1.324,1.324,
72,1.324,1.3239,1.3239,1.324,1.3239,1.324,1.324,1.3239,1.3239,1.3239,1.3239,1.3239,1.324,1.324,1.324,1.324,
73,1.3239,1.3239,1.324,1.3239,1.324,1.324,1.3239,1.3239,1.3239,1.3239,1.3239,1.324,1.324,1.324,1.324,1.3241,
74,1.3239,1.324,1.3239,1.324,1.324,1.3239,1.3239,1.3239,1.3239,1.3239,1.324,1.324,1.324,1.324,1.3241,1.3241,
75,1.324,1.3239,1.324,1.324,1.3239,1.3239,1.3239,1.3239,1.3239,1.324,1.324,1.324,1.324,1.3241,1.3241,1.3239,
76,1.3239,1.324,1.324,1.3239,1.3239,1.3239,1.3239,1.3239,1.324,1.324,1.324,1.324,1.3241,1.3241,1.3239,1.324,
77,1.324,1.324,1.3239,1.3239,1.3239,1.3239,1.3239,1.324,1.324,1.324,1.324,1.3241,1.3241,1.3239,1.324,1.324,
78,1.324,1.3239,1.3239,1.3239,1.3239,1.3239,1.324,1.324,1.324,1.324,1.3241,1.3241,1.3239,1.324,1.324,1.3238,
79,1.3239,1.3239,1.3239,1.3239,1.3239,1.324,1.324,1.324,1.324,1.3241,1.3241,1.3239,1.324,1.324,1.3238,1.3238,
80,1.3239,1.3239,1.3239,1.3239,1.324,1.324,1.324,1.324,1.3241,1.3241,1.3239,1.324,1.324,1.3238,1.3238,1.324,
81,1.3239,1.3239,1.3239,1.324,1.324,1.324,1.324,1.3241,1.3241,1.3239,1.324,1.324,1.3238,1.3238,1.324,1.3239,
82,1.3239,1.3239,1.324,1.324,1.324,1.324,1.3241,1.3241,1.3239,1.324,1.324,1.3238,1.3238,1.324,1.3239,1.3238,
83,1.3239,1.324,1.324,1.324,1.324,1.3241,1.3241,1.3239,1.324,1.324,1.3238,1.3238,1.324,1.3239,1.3238,1.3237,
84,1.324,1.324,1.324,1.324,1.3241,1.3241,1.3239,1.324,1.324,1.3238,1.3238,1.324,1.3239,1.3238,1.3237,1.3239,
85,1.324,1.324,1.324,1.3241,1.3241,1.3239,1.324,1.324,1.3238,1.3238,1.324,1.3239,1.3238,1.3237,1.3239,1.324,
86,1.324,1.324,1.3241,1.3241,1.3239,1.324,1.324,1.3238,1.3238,1.324,1.3239,1.3238,1.3237,1.3239,1.324,1.324,
87,1.324,1.3241,1.3241,1.3239,1.324,1.324,1.3238,1.3238,1.324,1.3239,1.3238,1.3237,1.3239,1.324,1.324,1.3239,
88,1.3241,1.3241,1.3239,1.324,1.324,1.3238,1.3238,1.324,1.3239,1.3238,1.3237,1.3239,1.324,1.324,1.3239,1.3238,
89,1.3241,1.3239,1.324,1.324,1.3238,1.3238,1.324,1.3239,1.3238,1.3237,1.3239,1.324,1.324,1.3239,1.3238,1.3237,
90,1.3239,1.324,1.324,1.3238,1.3238,1.324,1.3239,1.3238,1.3237,1.3239,1.324,1.324,1.3239,1.3238,1.3237,1.3238,
91,1.324,1.324,1.3238,1.3238,1.324,1.3239,1.3238,1.3237,1.3239,1.324,1.324,1.3239,1.3238,1.3237,1.3238,1.3239,
92,1.324,1.3238,1.3238,1.324,1.3239,1.3238,1.3237,1.3239,1.324,1.324,1.3239,1.3238,1.3237,1.3238,1.3239,1.324,
93,1.3238,1.3238,1.324,1.3239,1.3238,1.3237,1.3239,1.324,1.324,1.3239,1.3238,1.3237,1.3238,1.3239,1.324,1.3241,
94,1.3238,1.324,1.3239,1.3238,1.3237,1.3239,1.324,1.324,1.3239,1.3238,1.3237,1.3238,1.3239,1.324,1.3241,1.3241,
95,1.324,1.3239,1.3238,1.3237,1.3239,1.324,1.324,1.3239,1.3238,1.3237,1.3238,1.3239,1.324,1.3241,1.3241,1.324,
96,1.3239,1.3238,1.3237,1.3239,1.324,1.324,1.3239,1.3238,1.3237,1.3238,1.3239,1.324,1.3241,1.3241,1.324,1.3239,
97,1.3238,1.3237,1.3239,1.324,1.324,1.3239,1.3238,1.3237,1.3238,1.3239,1.324,1.3241,1.3241,1.324,1.3239,1.3238,
98,1.3237,1.3239,1.324,1.324,1.3239,1.3238,1.3237,1.3238,1.3239,1.324,1.3241,1.3241,1.324,1.3239,1.3238,1.3239,
99,1.3239,1.324,1.324,1.3239,1.3238,1.3237,1.3238,1.3239,1.324,1.3241,1.3241,1.324,1.3239,1.3238,1.3239,1.3239,
100,1.324,1.324,1.3239,1.3238,1.3237,1.3238,1.3239,1.324,1.3241,1.3241,1.324,1.3239,1.3238,1.3239,1.3239,1.3238,
101,1.324,1.3239,1.3238,1.3237,1.3238,1.3239,1.324,1.3241,1.3241,1.324,1.3239,1.3238,1.3239,1.3239,1.3238,1.3238,
102,1.3239,1.3238,1.3237,1.3238,1.3239,1.324,1.3241,1.3241,1.324,1.3239,1.3238,1.3239,1.3239,1.3238,1.3238,1.324,
103,1.3238,1.3237,1.3238,1.3239,1.324,1.3241,1.3241,1.324,1.3239,1.3238,1.3239,1.3239,1.3238,1.3238,1.324,1.324,
104,1.3237,1.3238,1.3239,1.324,1.3241,1.3241,1.324,1.3239,1.3238,1.3239,1.3239,1.3238,1.3238,1.324,1.324,1.3239,
105,1.3238,1.3239,1.324,1.3241,1.3241,1.324,1.3239,1.3238,1.3239,1.3239,1.3238,1.3238,1.324,1.324,1.3239,1.3239,
106,1.3239,1.324,1.3241,1.3241,1.324,1.3239,1.3238,1.3239,1.3239,1.3238,1.3238,1.324,1.324,1.3239,1.3239,1.3238,
107,1.324,1.3241,1.3241,1.324,1.3239,1.3238,1.3239,1.3239,1.3238,1.3238,1.324,1.324,1.3239,1.3239,1.3238,1.3238,
108,1.3241,1.3241,1.324,1.3239,1.3238,1.3239,1.3239,1.3238,1.3238,1.324,1.324,1.3239,1.3239,1.3238,1.3238,1.3238,
109,1.3241,1.324,1.3239,1.3238,1.3239,1.3239,1.3238,1.3238,1.324,1.324,1.3239,1.3239,1.3238,1.3238,1.3238,1.3239,
110,1.324,1.3239,1.3238,1.3239,1.3239,1.3238,1.3238,1.324,1.324,1.3239,1.3239,1.3238,1.3238,1.3238,1.3239,1.3238,
111,1.3239,1.3238,1.3239,1.3239,1.3238,1.3238,1.324,1.324,1.3239,1.3239,1.3238,1.3238,1.3238,1.3239,1.3238,1.3239,
112,1.3238,1.3239,1.3239,1.3238,1.3238,1.324,1.324,1.3239,1.3239,1.3238,1.3238,1.3238,1.3239,1.3238,1.3239,1.3239,
113,1.3239,1.3239,1.3238,1.3238,1.324,1.324,1.3239,1.3239,1.3238,1.3238,1.3238,1.3239,1.3238,1.3239,1.3239,1.324,
114,1.3239,1.3238,1.3238,1.324,1.324,1.3239,1.3239,1.3238,1.3238,1.3238,1.3239,1.3238,1.3239,1.3239,1.324,1.324,
115,1.3238,1.3238,1.324,1.324,1.3239,1.3239,1.3238,1.3238,1.3238,1.3239,1.3238,1.3239,1.3239,1.324,1.324,1.3241,
116,1.3238,1.324,1.324,1.3239,1.3239,1.3238,1.3238,1.3238,1.3239,1.3238,1.3239,1.3239,1.324,1.324,1.3241,1.324,
117,1.324,1.324,1.3239,1.3239,1.3238,1.3238,1.3238,1.3239,1.3238,1.3239,1.3239,1.324,1.324,1.3241,1.324,1.324,
118,1.324,1.3239,1.3239,1.3238,1.3238,1.3238,1.3239,1.3238,1.3239,1.3239,1.324,1.324,1.3241,1.324,1.324,1.324,
119,1.3239,1.3239,1.3238,1.3238,1.3238,1.3239,1.3238,1.3239,1.3239,1.324,1.324,1.3241,1.324,1.324,1.324,1.3241,
120,1.3239,1.3238,1.3238,1.3238,1.3239,1.3238,1.3239,1.3239,1.324,1.324,1.3241,1.324,1.324,1.324,1.3241,1.324,
121,1.3238,1.3238,1.3238,1.3239,1.3238,1.3239,1.3239,1.324,1.324,1.3241,1.324,1.324,1.324,1.3241,1.324,1.324,
122,1.3238,1.3238,1.3239,1.3238,1.3239,1.3239,1.324,1.324,1.3241,1.324,1.324,1.324,1.3241,1.324,1.324,1.324,
123,1.3238,1.3239,1.3238,1.3239,1.3239,1.324,1.324,1.3241,1.324,1.324,1.324,1.3241,1.324,1.324,1.324,1.3239,
124,1.3239,1.3238,1.3239,1.3239,1.324,1.324,1.3241,1.324,1.324,1.324,1.3241,1.324,1.324,1.324,1.3239,1.324,
125,1.3238,1.3239,1.3239,1.324,1.324,1.3241,1.324,1.324,1.324,1.3241,1.324,1.324,1.324,1.3239,1.324,1.3241,
126,1.3239,1.3239,1.324,1.324,1.3241,1.324,1.324,1.324,1.3241,1.324,1.324,1.324,1.3239,1.324,1.3241,1.3241,
127,1.3239,1.324,1.324,1.3241,1.324,1.324,1.324,1.3241,1.324,1.324,1.324,1.3239,1.324,1.3241,1.3241,1.3241,
128,1.324,1.324,1.3241,1.324,1.324,1.324,1.3241,1.324,1.324,1.324,1.3239,1.324,1.3241,1.3241,1.3241,1.3241,
129,1.324,1.3241,1.324,1.324,1.324,1.3241,1.324,1.324,1.324,1.3239,1.324,1.3241,1.3241,1.3241,1.3241,1.324,
130,1.3241,1.324,1.324,1.324,1.3241,1.324,1.324,1.324,1.3239,1.324,1.3241,1.3241,1.3241,1.3241,1.324,1.3241,
131,1.324,1.324,1.324,1.3241,1.324,1.324,1.324,1.3239,1.324,1.3241,1.3241,1.3241,1.3241,1.324,1.3241,1.324,
132,1.324,1.324,1.3241,1.324,1.324,1.324,1.3239,1.324,1.3241,1.3241,1.3241,1.3241,1.324,1.3241,1.324,1.3239,
133,1.324,1.3241,1.324,1.324,1.324,1.3239,1.324,1.3241,1.3241,1.3241,1.3241,1.324,1.3241,1.324,1.3239,1.3238,
134,1.3241,1.324,1.324,1.324,1.3239,1.324,1.3241,1.3241,1.3241,1.3241,1.324,1.3241,1.324,1.3239,1.3238,1.3239,
135,1.324,1.324,1.324,1.3239,1.324,1.3241,1.3241,1.3241,1.3241,1.324,1.3241,1.324,1.3239,1.3238,1.3239,1.324,
136,1.324,1.324,1.3239,1.324,1.3241,1.3241,1.3241,1.3241,1.324,1.3241,1.324,1.3239,1.3238,1.3239,1.324,1.324,
137,1.324,1.3239,1.324,1.3241,1.3241,1.3241,1.3241,1.324,1.3241,1.324,1.3239,1.3238,1.3239,1.324,1.324,1.3239,
138,1.3239,1.324,1.3241,1.3241,1.3241,1.3241,1.324,1.3241,1.324,1.3239,1.3238,1.3239,1.324,1.324,1.3239,1.3238,
139,1.324,1.3241,1.3241,1.3241,1.3241,1.324,1.3241,1.324,1.3239,1.3238,1.3239,1.324,1.324,1.3239,1.3238,1.3238,
140,1.3241,1.3241,1.3241,1.3241,1.324,1.3241,1.324,1.3239,1.3238,1.3239,1.324,1.324,1.3239,1.3238,1.3238,1.3239,
141,1.3241,1.3241,1.3241,1.324,1.3241,1.324,1.3239,1.3238,1.3239,1.324,1.324,1.3239,1.3238,1.3238,1.3239,1.324,
142,1.3241,1.3241,1.324,1.3241,1.324,1.3239,1.3238,1.3239,1.324,1.324,1.3239,1.3238,1.3238,1.3239,1.324,1.3239,
143,1.3241,1.324,1.3241,1.324,1.3239,1.3238,1.3239,1.324,1.324,1.3239,1.3238,1.3238,1.3239,1.324,1.3239,1.3239,
144,1.324,1.3241,1.324,1.3239,1.3238,1.3239,1.324,1.324,1.3239,1.3238,1.3238,1.3239,1.324,1.3239,1.3239,1.3241,
145,1.3241,1.324,1.3239,1.3238,1.3239,1.324,1.324,1.3239,1.3238,1.3238,1.3239,1.324,1.3239,1.3239,1.3241,1.324,
146,1.324,1.3239,1.3238,1.3239,1.324,1.324,1.3239,1.3238,1.3238,1.3239,1.324,1.3239,1.3239,1.3241,1.324,1.3239,
147,1.3239,1.3238,1.3239,1.324,1.324,1.3239,1.3238,1.3238,1.3239,1.324,1.3239,1.3239,1.3241,1.324,1.3239,1.3239,
148,1.3238,1.3239,1.324,1.324,1.3239,1.3238,1.3238,1.3239,1.324,1.3239,1.3239,1.3241,1.324,1.3239,1.3239,1.3237,
149,1.3239,1.324,1.324,1.3239,1.3238,1.3238,1.3239,1.324,1.3239,1.3239,1.3241,1.324,1.3239,1.3239,1.3237,1.3236,
150,1.324,1.324,1.3239,1.3238,1.3238,1.3239,1.324,1.3239,1.3239,1.3241,1.324,1.3239,1.3239,1.3237,1.3236,1.3237,
151,1.324,1.3239,1.3238,1.3238,1.3239,1.324,1.3239,1.3239,1.3241,1.324,1.3239,1.3239,1.3237,1.3236,1.3237,1.3236,
152,1.3239,1.3238,1.3238,1.3239,1.324,1.3239,1.3239,1.3241,1.324,1.3239,1.3239,1.3237,1.3236,1.3237,1.3236,1.3237,
153,1.3238,1.3238,1.3239,1.324,1.3239,1.3239,1.3241,1.324,1.3239,1.3239,1.3237,1.3236,1.3237,1.3236,1.3237,1.3237,
154,1.3238,1.3239,1.324,1.3239,1.3239,1.3241,1.324,1.3239,1.3239,1.3237,1.3236,1.3237,1.3236,1.3237,1.3237,1.3239,
155,1.3239,1.324,1.3239,1.3239,1.3241,1.324,1.3239,1.3239,1.3237,1.3236,1.3237,1.3236,1.3237,1.3237,1.3239,1.3238,
156,1.324,1.3239,1.3239,1.3241,1.324,1.3239,1.3239,1.3237,1.3236,1.3237,1.3236,1.3237,1.3237,1.3239,1.3238,1.3239,
157,1.3239,1.3239,1.3241,1.324,1.3239,1.3239,1.3237,1.3236,1.3237,1.3236,1.3237,1.3237,1.3239,1.3238,1.3239,1.3239,
158,1.3239,1.3241,1.324,1.3239,1.3239,1.3237,1.3236,1.3237,1.3236,1.3237,1.3237,1.3239,1.3238,1.3239,1.3239,1.324,
159,1.3241,1.324,1.3239,1.3239,1.3237,1.3236,1.3237,1.3236,1.3237,1.3237,1.3239,1.3238,1.3239,1.3239,1.324,1.3241,
160,1.324,1.3239,1.3239,1.3237,1.3236,1.3237,1.3236,1.3237,1.3237,1.3239,1.3238,1.3239,1.3239,1.324,1.3241,1.3241,
161,1.3239,1.3239,1.3237,1.3236,1.3237,1.3236,1.3237,1.3237,1.3239,1.3238,1.3239,1.3239,1.324,1.3241,1.3241,1.324,
162,1.3239,1.3237,1.3236,1.3237,1.3236,1.3237,1.3237,1.3239,1.3238,1.3239,1.3239,1.324,1.3241,1.3241,1.324,1.3241,
163,1.3237,1.3236,1.3237,1.3236,1.3237,1.3237,1.3239,1.3238,1.3239,1.3239,1.324,1.3241,1.3241,1.324,1.3241,1.3241,
164,1.3236,1.3237,1.3236,1.3237,1.3237,1.3239,1.3238,1.3239,1.3239,1.324,1.3241,1.3241,1.324,1.3241,1.3241,1.3242,
165,1.3237,1.3236,1.3237,1.3237,1.3239,1.3238,1.3239,1.3239,1.324,1.3241,1.3241,1.324,1.3241,1.3241,1.3242,1.3242,
166,1.3236,1.3237,1.3237,1.3239,1.3238,1.3239,1.3239,1.324,1.3241,1.3241,1.324,1.3241,1.3241,1.3242,1.3242,1.3242,
167,1.3237,1.3237,1.3239,1.3238,1.3239,1.3239,1.324,1.3241,1.3241,1.324,1.3241,1.3241,1.3242,1.3242,1.3242,1.3241,
168,1.3237,1.3239,1.3238,1.3239,1.3239,1.324,1.3241,1.3241,1.324,1.3241,1.3241,1.3242,1.3242,1.3242,1.3241,1.3242,
169,1.3239,1.3238,1.3239,1.3239,1.324,1.3241,1.3241,1.324,1.3241,1.3241,1.3242,1.3242,1.3242,1.3241,1.3242,1.3242,
170,1.3238,1.3239,1.3239,1.324,1.3241,1.3241,1.324,1.3241,1.3241,1.3242,1.3242,1.3242,1.3241,1.3242,1.3242,1.3243,
171,1.3239,1.3239,1.324,1.3241,1.3241,1.324,1.3241,1.3241,1.3242,1.3242,1.3242,1.3241,1.3242,1.3242,1.3243,1.3243,
172,1.3239,1.324,1.3241,1.3241,1.324,1.3241,1.3241,1.3242,1.3242,1.3242,1.3241,1.3242,1.3242,1.3243,1.3243,1.3244,
173,1.324,1.3241,1.3241,1.324,1.3241,1.3241,1.3242,1.3242,1.3242,1.3241,1.3242,1.3242,1.3243,1.3243,1.3244,1.3244,
174,1.3241,1.3241,1.324,1.3241,1.3241,1.3242,1.3242,1.3242,1.3241,1.3242,1.3242,1.3243,1.3243,1.3244,1.3244,1.3244,
175,1.3241,1.324,1.3241,1.3241,1.3242,1.3242,1.3242,1.3241,1.3242,1.3242,1.3243,1.3243,1.3244,1.3244,1.3244,1.3243,
176,1.324,1.3241,1.3241,1.3242,1.3242,1.3242,1.3241,1.3242,1.3242,1.3243,1.3243,1.3244,1.3244,1.3244,1.3243,1.3244,
177,1.3241,1.3241,1.3242,1.3242,1.3242,1.3241,1.3242,1.3242,1.3243,1.3243,1.3244,1.3244,1.3244,1.3243,1.3244,1.3244,
178,1.3241,1.3242,1.3242,1.3242,1.3241,1.3242,1.3242,1.3243,1.3243,1.3244,1.3244,1.3244,1.3243,1.3244,1.3244,1.3243,
179,1.3242,1.3242,1.3242,1.3241,1.3242,1.3242,1.3243,1.3243,1.3244,1.3244,1.3244,1.3243,1.3244,1.3244,1.3243,1.3242,
180,1.3242,1.3242,1.3241,1.3242,1.3242,1.3243,1.3243,1.3244,1.3244,1.3244,1.3243,1.3244,1.3244,1.3243,1.3242,1.3242,
181,1.3242,1.3241,1.3242,1.3242,1.3243,1.3243,1.3244,1.3244,1.3244,1.3243,1.3244,1.3244,1.3243,1.3242,1.3242,1.3242,
182,1.3241,1.3242,1.3242,1.3243,1.3243,1.3244,1.3244,1.3244,1.3243,1.3244,1.3244,1.3243,1.3242,1.3242,1.3242,1.3243,
183,1.3242,1.3242,1.3243,1.3243,1.3244,1.3244,1.3244,1.3243,1.3244,1.3244,1.3243,1.3242,1.3242,1.3242,1.3243,1.3243,
184,1.3242,1.3243,1.3243,1.3244,1.3244,1.3244,1.3243,1.3244,1.3244,1.3243,1.3242,1.3242,1.3242,1.3243,1.3243,1.3243,
185,1.3243,1.3243,1.3244,1.3244,1.3244,1.3243,1.3244,1.3244,1.3243,1.3242,1.3242,1.3242,1.3243,1.3243,1.3243,1.3244,
186,1.3243,1.3244,1.3244,1.3244,1.3243,1.3244,1.3244,1.3243,1.3242,1.3242,1.3242,1.3243,1.3243,1.3243,1.3244,1.3243,
0,1.3237,1.3236,1.3236,1.3236,1.3235,1.3237,1.3235,1.3234,1.3234,1.3235,1.3236,1.3237,1.3235,1.3235,1.3237,1.3236,
1,1.3236,1.3236,1.3236,1.3235,1.3237,1.3235,1.3234,1.3234,1.3235,1.3236,1.3237,1.3235,1.3235,1.3237,1.3236,1.3236,
0,1.3237,1.3236,1.3236,1.3236,1.3235,1.3237,1.3235,1.3234,1.3234,1.3235,1.3236,1.3237,1.3235,1.3235,1.3237,1.3236,
1,1.3236,1.3236,1.3236,1.3235,1.3237,1.3235,1.3234,1.3234,1.3235,1.3236,1.3237,1.3235,1.3235,1.3237,1.3236,1.3236,
